probe_5_to_3,target_5_to_3,mv_conc_mM,dv_conc_mM,dna_conc_uM,tm_C,Full conditions,comment,ref,flag
GTAAGTAGACATAAC[MGB],AAAGTTATGTCTACTTACAGAAA,80,0,1,60,0.5x SSPE buffer (pH 7.4),match,Nucleic Acids Research 2000 Vol. 28 Issue 2 Pages 655-661 DOI: 10.1093/nar/28.2.655,yes
[FAM]GGCAATTTAAAG[MGB],TTTCTTCTTTTCTTTAAATTGCCCAATTCTTTGGATCCAC,10,5,1,66,"20 mM Tris (pH 8.5), 5 mM MgCl2",match,Nucleic Acids Research 2000 Vol. 28 Issue 2 Pages 655-661 DOI: 10.1093/nar/28.2.655,yes
[FAM]TTGGGCAATTTAAAG[MGB],TTTCTTCTTTTCTTTAAATTGCCCAATTCTTTGGATCCAC,10,5,1,68,"20 mM Tris (pH 8.5), 5 mM MgCl2",match,Nucleic Acids Research 2000 Vol. 28 Issue 2 Pages 655-661 DOI: 10.1093/nar/28.2.655,yes
[FAM]GAATTGGGCAATTTAAAG[MGB],TTTCTTCTTTTCTTTAAATTGCCCAATTCTTTGGATCCAC,10,5,1,70,"20 mM Tris (pH 8.5), 5 mM MgCl2",match,Nucleic Acids Research 2000 Vol. 28 Issue 2 Pages 655-661 DOI: 10.1093/nar/28.2.655,yes
CTGTAAGTAGATATAAC[MGB],,1000,0,1,65.88,0.5x SSPE buffer (pH 7.4),match,US7715989,yes
GGCAAGATATATAG[MGB],,1000,0,1,66.37,0.5x SSPE buffer (pH 7.4),match,US7715989,yes
GTGACGCAGATTCC[MGB],,1000,0,1,76.97,0.5x SSPE buffer (pH 7.4),match,US7715989,yes
GTAAGTAGACATAAC[MGB],,1000,0,1,64.64,0.5x SSPE buffer (pH 7.4),match,US7715989,yes
CAGGGAGCTTTGGA[MGB],,1000,0,1,74.39,0.5x SSPE buffer (pH 7.4),match,US7715989,yes
CACTCGTGAAGCTG[MGB],,1000,0,1,74.04,0.5x SSPE buffer (pH 7.4),match,US7715989,yes
GTAAGTAGGCATAAC[MGB],,1000,0,1,66.91,0.5x SSPE buffer (pH 7.4),match,US7715989,yes
CCGGATGTAGGATC[MGB],,1000,0,1,69.3,0.5x SSPE buffer (pH 7.4),match,US7715989,yes
GATTACCTGGATTT[MGB],,1000,0,1,62.29,0.5x SSPE buffer (pH 7.4),match,US7715989,yes
CCGTCAATGGTCAC[MGB],,1000,0,1,70.13,0.5x SSPE buffer (pH 7.4),match,US7715989,yes
CAGCACGTAGCC[MGB],,1000,0,1,69.29,0.5x SSPE buffer (pH 7.4),match,US7715989,yes
CGGCTACGTGCTGG[MGB],,1000,0,1,76.12,0.5x SSPE buffer (pH 7.4),match,US7715989,yes
CGGCTACATGCTGG[MGB],,1000,0,1,71.56,0.5x SSPE buffer (pH 7.4),match,US7715989,yes
CTAAATCTGCCG[MGB],,1000,0,1,62.08,0.5x SSPE buffer (pH 7.4),match,US7715989,yes
TCTGGATGATGGGCA[MGB],,1000,0,1,71.65,0.5x SSPE buffer (pH 7.4),match,US7715989,yes
GTTCATGGGTGTAAT[MGB],,1000,0,1,66.94,0.5x SSPE buffer (pH 7.4),match,US7715989,yes
CGGACGTAGGATCA[MGB],,1000,0,1,69.46,0.5x SSPE buffer (pH 7.4),match,US7715989,yes
CCACCCGCCTCAG[MGB],,1000,0,1,71.43,0.5x SSPE buffer (pH 7.4),match,US7715989,yes
CACAGGAGTGGTTGG[MGB],,1000,0,1,72.28,0.5x SSPE buffer (pH 7.4),match,US7715989,yes
CGGACCAGTGCGTG[MGB],,1000,0,1,77.92,0.5x SSPE buffer (pH 7.4),match,US7715989,yes
TCGGACCAGTGCGT[MGB],,1000,0,1,74.94,0.5x SSPE buffer (pH 7.4),match,US7715989,yes
AACGGGGTACGATA[MGB],,1000,0,1,67.79,0.5x SSPE buffer (pH 7.4),match,US7715989,yes
CAGTTGAGATTCTAAGAC[MGB],,1000,0,1,67.15,0.5x SSPE buffer (pH 7.4),match,US7715989,yes
AGGGGCGTCTTG[MGB],,1000,0,1,71.62,0.5x SSPE buffer (pH 7.4),match,US7715989,yes
GTAAGTAGGCATAGC[MGB],,1000,0,1,65.95,0.5x SSPE buffer (pH 7.4),match,US7715989,yes
TGCCCAGCCCCAG[MGB],,1000,0,1,71.28,0.5x SSPE buffer (pH 7.4),match,US7715989,yes
CCAACACTCGTGAA[MGB],,1000,0,1,62.07,0.5x SSPE buffer (pH 7.4),match,US7715989,yes
GTAAGTAGACACAGC[MGB],,1000,0,1,65.79,0.5x SSPE buffer (pH 7.4),match,US7715989,yes
TCGGACCAGTGC[MGB],,1000,0,1,65.99,0.5x SSPE buffer (pH 7.4),match,US7715989,yes
CGATCACGCTGGC[MGB],,1000,0,1,69.18,0.5x SSPE buffer (pH 7.4),match,US7715989,yes
GTCCTGGGGGTGG[MGB],,1000,0,1,72.78,0.5x SSPE buffer (pH 7.4),match,US7715989,yes
GTAAGTAGGTGTGAC[MGB],,1000,0,1,66.92,0.5x SSPE buffer (pH 7.4),match,US7715989,yes
GGTTGTACGGGTTCACG[MGB],,1000,0,1,74.16,0.5x SSPE buffer (pH 7.4),match,US7715989,yes
GGACCAGTGCGTGA[MGB],,1000,0,1,73.38,0.5x SSPE buffer (pH 7.4),match,US7715989,yes
GTAAGTAGACGCAGC[MGB],,1000,0,1,68,0.5x SSPE buffer (pH 7.4),match,US7715989,yes
GTAAGTAGGCGCAGC[MGB],,1000,0,1,69.8,0.5x SSPE buffer (pH 7.4),match,US7715989,yes
GTAAGTAGGCGCGGC[MGB],,1000,0,1,72.26,0.5x SSPE buffer (pH 7.4),match,US7715989,yes
GGTTCCCGAGCG[MGB],,1000,0,1,65.75,0.5x SSPE buffer (pH 7.4),match,US7715989,yes
TTTTTTTT[MGB],AAAAAAAA[C6-NH2],150,10,2,58,"140 mM KCl, 10 mM MgCl2 and 20 mM HEPES–HCl (pH 7.2)",match,"Nucleic Acids Research, Volume 25, Issue 18, 1 September 1997, Pages 3718–3723, https://doi.org/10.1093/nar/25.18.3718",no
AAAAAAAA[MGB],TTTTTTTT[C6-OH],150,10,2,61,"140 mM KCl, 10 mM MgCl2 and 20 mM HEPES–HCl (pH 7.2)",match,"Nucleic Acids Research, Volume 25, Issue 18, 1 September 1997, Pages 3718–3723, https://doi.org/10.1093/nar/25.18.3718",no
GTGTGTCATATATA[MGB],TATATATGACACAC,150,10,2,71,"140 mM KCl, 10 mM MgCl2 and 20 mM HEPES–HCl (pH 7.2)",match,"Nucleic Acids Research, Volume 25, Issue 18, 1 September 1997, Pages 3718–3723, https://doi.org/10.1093/nar/25.18.3718",no
AGCGGATG[MGB],CATCCGCT[C6-NH2],150,10,2,52,"140 mM KCl, 10 mM MgCl2 and 20 mM HEPES–HCl (pH 7.2)",match,"Nucleic Acids Research, Volume 25, Issue 18, 1 September 1997, Pages 3718–3723, https://doi.org/10.1093/nar/25.18.3718",no
CATCCGCT[MGB],AGCGGATG[C6-NH2],150,10,2,57,"140 mM KCl, 10 mM MgCl2 and 20 mM HEPES–HCl (pH 7.2)",match,"Nucleic Acids Research, Volume 25, Issue 18, 1 September 1997, Pages 3718–3723, https://doi.org/10.1093/nar/25.18.3718",no
TTTTTTTT[MGB],AAAAAAAA,150,10,2,68,"140 mM KCl, 10 mM MgCl2 and 20 mM HEPES–HCl (pH 7.2)",match,"Bioconjugate Chem. Vol. 6, No. 4, 1995, 418-426",no
ATAAAACA[MGB],AGGCGGTGTTAATACTGACCGCCTCACCTCTGTTTTATCTTCTGCTGGGGT,62,7,2,56,50mM NaCl / 7mM MgCl2 / 24mM Tris-HCl (pH7.7),match,Proc. Natl. Acad. Sci. USA 93 (1996) 3199-3204,yes
CCAGCAGAAGATAAAA[MGB],AGGCGGTGTTAATACTGACCGCCTCACCTCTGTTTTATCTTCTGCTGGGGT,62,7,2,74,50mM NaCl / 7mM MgCl2 / 24mM Tris-HCl (pH7.7),match,Proc. Natl. Acad. Sci. USA 93 (1996) 3199-3204,yes
[FAM]TCACCGGAAGGCC[MGB-ECLIPSE],,50,3,0.25,70,,match,MEFV_h_assay2,yes
[FAM]ATTGCCCCGAGTGCT[MGB-ECLIPSE],,50,3,0.25,70,,match,SOX9_h,yes
[FAM]CTGGCCGCTCAGC[MGB-ECLIPSE],,50,3,0.25,70,,match,PKLR_h,yes
[FAM]TCAATTCACCAAGGAGC[MGB-ECLIPSE],,50,3,0.25,70,,match,MALAT1_h,yes
[FAM]ACTGCAATCCCTGGAATAG[MGB-ECLIPSE],,50,3,0.25,70,,match,SOX2-OT_h,yes
[FAM]CCCCAGGCTTAAGCC[MGB-ECLIPSE],,50,3,0.25,70,,match,SOX2_h_assay2,yes
[FAM]TCTCCCAGGACCTTCC[MGB-ECLIPSE],,50,3,0.25,70,,match,PKM_h,yes
[FAM]CAGTGAGCTTTCTGAAACAA[MGB-ECLIPSE],,50,3,0.25,70,,match,MEFV_h_assay1,yes
[FAM]CCCTGCTCCAACTTAT[MGB-ECLIPSE],,50,3,0.25,70,,match,GJB1_h(probe1),yes
[FAM]CCTCATTGAACACCTCCC[MGB-ECLIPSE],,50,3,0.25,70,,match,PRDM12_h,yes
[FAM]CCCACTAACAAGGTATACATGA[MGB-ECLIPSE],,50,3,0.25,70,,match,PLK1_h(probe1),yes
[FAM]ACGGAGCTTTCCACTTTC[MGB-ECLIPSE],,50,3,0.25,70,,match,PKLR_h_assay2,yes
[FAM]CAGGCTGGAGTGATCTTCA[MGB-ECLIPSE],,50,3,0.25,70,,match,ASGR1_h,yes
[FAM]ACGGAGGCATCAACC[MGB-ECLIPSE],,50,3,0.25,70,,match,FASN_h,yes
[FAM]CCGCTGGCCCTCCTG[MGB-ECLIPSE],,50,3,0.25,70,,match,PKLR_h_iso1,yes
[FAM]ATGTGCCAGGCCTCTAC[MGB-ECLIPSE],,50,3,0.25,70,,match,FDXR_h,yes
[FAM]TCCAGCCACCTGAAGTC[MGB-ECLIPSE],,50,3,0.25,70,,match,TP53_h(probe2),yes
[FAM]CAGGTGGAGCTGAAGCA[MGB-ECLIPSE],,50,3,0.25,70,,match,CD44_h,yes
[FAM]ACGTTGGCAGCTTTG[MGB-ECLIPSE],,50,3,0.25,70,,match,STK25_h,yes
[FAM]CCCACAAGCAACTTC[MGB-ECLIPSE],,50,3,0.25,70,,match,MALAT1_h_assay2,yes
[VIC]TTGGATAACTGTGGTAATTC[MGB-ECLIPSE],,50,3,0.25,70,,match,RNA18S5_h,yes
[VIC]AAGAGGAAGAGAGAGACCC[MGB-ECLIPSE],,50,3,0.25,70,,match,GAPDH_h(probe3),yes
[VIC]CCACCACCACTTGTGCA[MGB-ECLIPSE],,50,3,0.25,70,,match,PPIA_h,yes
[FAM]CCATGGAGCCAAGAGC[MGB-ECLIPSE],,50,3,0.25,70,,match,SOX2_h,yes
[FAM]CCTCCGGCATCTGC[MGB-ECLIPSE],,50,3,0.25,70,,match,Gjb1_m,yes
[FAM]CTAGCAAGGTATACATGATGCA[MGB-ECLIPSE],,50,3,0.25,70,,match,Plk1_m,yes
[FAM]CCTGCTGGCCCTCCTG[MGB-ECLIPSE],,50,3,0.25,70,,match,Pklr1_m_iso1,yes
[FAM]ACTGGCCGCTCAGCTC[MGB-ECLIPSE],,50,3,0.25,70,,match,Pklr_m,yes
[FAM]CTCTGGGCAATCTCA[MGB-ECLIPSE],,50,3,0.25,70,,match,Sox9_m,yes
[FAM]CTACCCGCAGCACCC[MGB-ECLIPSE],,50,3,0.25,70,,match,Sox2_m,yes
[FAM]ACAGGCACAGAACATT[MGB-ECLIPSE],,50,3,0.25,70,,match,Mefv_m_assay2,yes
[VIC]CTGAGCTGCGTTTTAC[MGB-ECLIPSE],,50,3,0.25,70,,match,Actb_m,yes
[FAM]CACTTTGCCCAATTAC[MGB-ECLIPSE],,50,3,0.25,70,,match,Malat1_m,yes
[FAM]TAGCCCTGTGCAAGGTG[MGB-ECLIPSE],,50,3,0.25,70,,match,Mefv_m_assay1,yes
[FAM]CATCTTAGCTATGGTTTTAATG[MGB-ECLIPSE],,50,3,0.25,70,,match,Malat1_m_assay2,yes
[VIC]AATACGGCCAAATCCGTTC[MGB-ECLIPSE],,50,3,0.25,70,,match,Gapdh_m,yes
